,file_name,is_special_trainsport
0,000001.jpg,0
1,000002.jpg,0
2,000003.jpg,0
3,000004.jpg,0
4,000005.jpg,0
5,000006.jpg,0
6,000007.jpg,0
7,000008.png,0
8,000009.jpg,0
9,000010.jpg,0
10,000011.jpg,0
11,000012.jpg,0
12,000013.jpg,0
13,000014.jpg,0
14,000015.jpg,0
15,000016.jpg,0
16,000018.png,0
17,000019.jpg,0
18,000020.jpg,0
19,000021.png,0
20,000022.jpg,0
21,000023.jpg,0
22,000024.jpg,0
23,000026.jpg,0
24,000027.jpg,0
25,000028.jpg,0
26,000029.jpg,0
27,000030.jpg,0
28,000031.jpg,0
29,000032.jpg,0
30,000033.jpg,0
31,000034.jpg,0
32,000035.jpg,0
33,000037.jpg,0
34,000038.png,0
35,000039.jpg,0
36,000040.jpg,0
37,000041.jpg,0
38,000042.jpg,0
39,000043.jpg,0
40,000044.jpg,0
41,000045.jpg,0
42,000046.jpg,0
43,000047.jpg,0
44,000048.jpg,0
45,000049.jpg,0
46,000050.jpg,0
47,000051.jpg,0
48,000052.jpg,0
49,000053.png,0
50,000054.jpg,0
51,000055.jpg,0
52,000056.png,0
53,000057.jpg,0
54,000058.jpg,0
55,000059.jpg,0
56,000060.jpg,0
57,000061.jpg,0
58,000062.jpg,0
59,000063.jpg,0
60,000064.jpg,0
61,000065.jpg,0
62,000066.jpg,0
63,000067.jpg,0
64,000068.png,0
65,000069.jpg,0
66,000070.jpg,0
67,000071.png,0
68,000072.jpg,0
69,000073.jpg,0
70,000074.jpg,0
71,000075.jpg,0
72,000076.jpg,0
73,000077.jpg,0
74,000078.jpg,0
75,000079.jpg,0
76,000080.jpg,0
77,000081.jpg,0
78,000082.jpg,0
79,000083.png,0
80,000084.jpg,0
81,000085.jpg,0
82,000086.jpg,0
83,000087.jpg,0
84,000088.jpg,0
85,000089.jpg,0
86,000090.jpg,0
87,000091.jpg,0
88,000092.jpg,0
89,000093.jpg,0
90,000094.jpg,0
91,000095.jpg,0
92,000096.jpg,0
93,000097.jpg,0
94,000098.jpg,0
95,000099.png,0
96,000100.jpg,0
97,000101.jpg,0
98,000102.jpg,0
99,000103.jpg,0
100,000104.jpg,0
101,000105.jpg,0
102,000106.jpg,0
103,000107.jpg,0
104,000108.jpg,0
105,000109.jpg,0
106,000110.jpg,0
107,000111.jpg,0
108,000112.jpg,0
109,000113.jpg,0
110,000114.jpg,0
111,000115.jpg,0
112,000116.jpg,0
113,000117.jpg,0
114,000118.jpg,0
115,000119.jpg,0
116,000120.jpg,0
117,000121.jpg,0
118,000122.png,0
119,000123.jpg,0
120,000124.jpg,0
121,000125.jpg,0
122,000126.jpg,0
123,000127.jpg,0
124,000128.jpg,0
125,000129.jpg,0
126,000130.jpg,0
127,000131.png,0
128,000132.jpg,0
129,000133.jpg,0
130,000134.jpg,0
131,000135.jpg,0
132,000136.jpg,0
133,000137.jpg,0
134,000138.jpg,0
135,000139.jpg,0
136,000140.jpg,0
137,000141.jpg,0
138,000142.jpg,0
139,000143.jpg,0
140,000144.jpg,0
141,000145.jpg,0
142,000146.jpg,0
143,000147.jpg,0
144,000148.jpg,0
145,000149.jpg,0
146,000150.jpg,0
147,000151.jpg,0
148,000152.jpg,0
149,000153.jpg,0
150,000154.jpg,0
151,000155.jpg,0
152,000156.jpg,0
153,000157.jpg,0
154,000158.jpg,0
155,000159.jpg,0
156,000160.jpg,0
157,000161.jpg,0
158,000162.jpg,0
159,000163.jpg,0
160,000164.jpg,0
161,000165.jpg,0
162,000166.png,0
163,000167.jpg,0
164,000168.jpg,0
165,000169.jpg,0
166,000170.jpg,0
167,000171.jpg,0
168,000172.jpg,0
169,000173.jpg,0
170,000174.jpg,0
171,000175.jpg,0
172,000176.jpg,0
173,000177.jpg,0
174,000178.png,0
175,000179.jpg,0
176,000180.jpg,0
177,000181.png,0
178,000182.jpg,0
179,000183.jpg,0
180,000184.jpg,0
181,000185.jpg,0
182,000187.jpg,0
183,000188.jpg,0
184,000189.jpg,0
185,000190.jpg,0
186,000191.jpg,0
187,000192.jpg,0
188,000193.jpg,0
189,000194.jpg,0
190,000195.png,0
191,000196.jpg,0
192,000197.jpg,0
193,000198.jpg,0
194,000199.jpg,0
195,000200.jpg,0
196,000201.jpg,0
197,000202.jpg,0
198,000203.jpg,0
199,000204.jpg,0
200,000205.jpg,0
201,000206.jpg,0
202,000207.jpg,0
203,000208.jpg,0
204,000209.jpg,0
205,000210.jpg,0
206,000211.jpg,0
207,000212.jpg,0
208,000213.png,0
209,000214.jpg,0
210,000215.jpg,0
211,000216.jpg,0
212,000217.jpg,0
213,000218.jpg,0
214,000219.jpg,0
215,000220.jpg,0
216,000221.jpg,0
217,000222.jpg,0
218,000223.jpg,0
219,000224.jpg,0
220,000225.jpg,0
221,000226.jpg,0
222,000227.jpg,0
223,000228.jpg,0
224,000229.jpg,0
225,000230.jpg,0
226,000231.jpg,0
227,000232.jpg,0
228,000233.jpg,0
229,000234.jpg,0
230,000235.jpg,0
231,000236.jpg,0
232,000237.jpg,0
233,000238.jpg,0
234,000239.jpg,0
235,000240.jpg,0
236,000241.png,0
237,000242.jpg,0
238,000243.jpg,0
239,000244.jpg,0
240,000245.jpg,0
241,000246.jpg,0
242,000247.jpg,0
243,000248.jpg,0
244,000249.jpg,0
245,000250.jpg,0
246,000251.jpg,0
247,000252.jpg,0
248,000253.jpg,0
249,000254.jpg,0
250,000255.jpg,0
251,000256.jpg,0
252,000257.jpg,0
253,000258.png,0
254,000259.jpg,0
255,000260.jpg,0
256,000261.jpg,0
257,000262.jpg,0
258,000263.jpg,0
259,000264.png,0
260,000265.png,0
261,000266.jpg,0
262,000267.jpg,0
263,000268.jpg,0
264,000269.jpg,0
265,000270.jpg,0
266,000271.jpg,0
267,000272.jpg,0
268,000273.jpg,0
269,000274.jpg,0
270,000275.jpg,0
271,000276.jpg,0
272,000277.png,0
273,000279.png,0
274,000280.jpg,0
275,000281.jpg,0
276,000282.jpg,0
277,000283.jpg,0
278,000284.jpg,0
279,000285.jpg,0
280,000286.jpg,0
281,000287.jpg,0
282,000288.jpg,0
283,000289.jpg,0
284,000290.jpg,0
285,000291.jpg,0
286,000292.jpg,0
287,000293.jpg,0
288,000294.jpg,0
289,000295.jpg,0
290,000296.jpg,0
291,000297.jpg,0
292,000298.jpg,0
293,000299.jpg,0
294,000300.jpg,0
295,000301.jpg,0
296,000302.jpg,0
297,000303.jpg,0
298,000304.jpg,0
299,000305.jpg,0
300,000306.jpg,0
301,000307.jpg,0
302,000308.jpg,0
303,000309.jpg,0
304,000310.jpg,0
305,000311.jpg,0
306,000312.jpg,0
307,000313.jpg,0
308,000314.jpg,0
309,000315.jpg,0
310,000316.jpg,0
311,000317.jpg,0
312,000318.jpg,0
313,000319.jpg,0
314,000320.jpg,0
315,000321.jpg,0
316,000322.jpg,0
317,000323.jpg,0
318,000324.jpg,0
319,000325.jpg,0
320,000326.jpg,0
321,000327.jpg,0
322,000328.jpg,0
323,000329.jpg,0
324,000330.jpg,0
325,000331.jpg,0
326,000332.jpg,0
327,000333.png,0
328,000334.jpg,0
329,000335.jpg,0
330,000336.jpg,0
331,000337.jpg,0
332,000338.jpg,0
333,000339.jpg,0
334,000341.jpg,0
335,000342.png,0
336,000343.jpg,0
337,000344.jpg,0
338,000345.jpg,0
339,000346.jpg,0
340,000347.jpg,0
341,000348.jpg,0
342,000349.jpg,0
343,000350.jpg,0
344,000351.jpg,0
345,000352.jpg,0
346,000353.jpg,0
347,000354.jpg,0
348,000355.jpg,0
349,000356.jpg,0
350,000357.jpg,0
351,000358.jpg,0
352,000359.jpg,0
353,000360.jpg,0
354,000361.png,0
355,000362.png,0
356,000363.jpg,0
357,000364.jpg,0
358,000365.jpg,0
359,000366.jpg,0
360,000367.jpg,0
361,000368.jpg,0
362,000369.jpg,0
363,000370.jpg,0
364,000371.jpg,0
365,000372.jpg,0
366,000373.jpg,0
367,000374.jpg,0
368,000375.png,0
369,000376.jpg,0
370,000377.jpg,0
371,000378.jpg,0
372,000379.jpg,0
373,000380.jpg,0
374,000756.jpg,1
375,000757.jpg,1
376,000758.jpg,1
377,000759.jpg,1
378,000760.jpg,1
379,000761.jpg,1
380,000762.jpg,1
381,000763.jpg,1
382,000764.jpg,1
383,000765.jpg,1
384,000766.jpg,1
385,000767.jpg,1
386,000768.jpg,1
387,000769.jpg,1
388,000770.jpg,1
389,000771.jpg,1
390,000772.jpg,1
391,000773.jpg,1
392,000774.jpg,1
393,000775.jpg,1
394,000776.jpg,1
395,000777.jpg,1
396,000778.jpg,1
397,000779.jpg,1
398,000780.jpg,1
399,000781.jpg,1
400,000782.jpg,1
401,000783.jpg,1
402,000784.jpg,1
403,000785.jpg,1
404,000786.jpg,1
405,000787.jpg,1
406,000788.jpg,1
407,000789.jpg,1
408,000790.jpg,1
409,000791.jpg,1
410,000792.jpg,1
411,000793.jpg,1
412,000794.jpg,1
413,000795.jpg,1
414,000796.jpg,1
415,000797.jpg,1
416,000798.jpg,1
417,000799.jpg,1
418,000800.jpg,1
419,000801.jpg,1
420,000802.jpg,1
421,000803.jpg,1
422,000804.jpg,1
423,000805.jpg,1
424,000806.jpg,1
425,000807.jpg,1
426,000808.png,1
427,000809.jpg,1
428,000810.jpg,1
429,000811.jpg,1
430,000812.jpg,1
431,000813.jpg,1
432,000814.jpg,1
433,000815.jpg,1
434,000816.jpg,1
435,000817.jpg,1
436,000818.jpg,1
437,000819.jpg,1
438,000820.jpg,1
439,000821.jpg,1
440,000822.jpg,1
441,000823.jpg,1
442,000824.jpg,1
443,000825.jpg,1
444,000826.jpg,1
445,000827.jpg,1
446,000828.jpg,1
447,000829.jpg,1
448,000830.png,1
449,000831.jpg,1
450,000832.jpg,1
451,000833.jpg,1
452,000834.jpg,1
453,000835.jpg,1
454,000836.jpg,1
455,000837.jpg,1
456,000838.jpg,1
457,000839.jpg,1
458,000840.jpg,1
459,000841.jpg,1
460,000842.jpg,1
461,000843.jpg,1
462,000844.jpg,1
463,000845.jpg,1
464,000846.jpg,1
465,000847.png,1
466,000848.jpg,1
467,000849.jpg,1
468,000850.jpg,1
469,000851.jpg,1
470,000852.jpg,1
471,000853.jpg,1
472,000854.jpg,1
473,000855.jpg,1
474,000856.jpg,1
475,000857.jpg,1
476,000858.png,1
477,000859.jpg,1
478,000860.jpg,1
479,000861.jpg,1
480,000862.jpg,1
481,000863.jpg,1
482,000864.jpg,1
483,000865.jpg,1
484,000866.jpg,1
485,000867.jpg,1
486,000868.jpg,1
487,000869.jpg,1
488,000870.jpg,1
489,000871.jpg,1
490,000872.jpg,1
491,000873.jpg,1
492,000874.jpg,1
493,000875.jpg,1
494,000876.jpg,1
495,000877.jpg,1
496,000878.jpg,1
497,000879.jpg,1
498,000880.jpg,1
499,000881.jpg,1
500,000882.jpg,1
501,000883.jpg,1
502,000884.jpg,1
503,000885.jpg,1
504,000886.jpg,1
505,000887.jpg,1
506,000888.jpg,1
507,000889.jpg,1
508,000890.jpg,1
509,000891.jpg,1
510,000892.jpg,1
511,000893.jpg,1
512,000894.jpg,1
513,000895.jpg,1
514,000896.jpg,1
515,000897.jpg,1
516,000898.jpg,1
517,000899.jpg,1
518,000900.jpg,1
519,000901.jpg,1
520,000902.jpg,1
521,000903.jpg,1
522,000904.jpg,1
523,000905.jpg,1
524,000906.jpg,1
525,000907.jpg,1
526,000908.jpg,1
527,000909.jpg,1
528,000910.jpg,1
529,000911.jpg,1
530,000912.jpg,1
531,000913.jpg,1
532,000914.jpg,1
533,000915.jpg,1
534,000916.jpg,1
535,000917.jpg,1
536,000918.jpg,1
537,000919.jpg,1
538,000920.jpg,1
539,000921.jpg,1
540,000922.jpg,1
541,000923.jpg,1
542,000924.png,1
543,000925.jpg,1
544,000926.jpg,1
545,000927.jpg,1
546,000928.jpg,1
547,000929.jpg,1
548,000930.jpg,1
549,000931.jpg,1
550,000932.jpg,1
551,000933.jpg,1
552,000934.jpg,1
553,000935.jpg,1
554,000936.jpg,1
555,000937.jpg,1
556,000938.png,1
557,000939.jpg,1
558,000940.jpg,1
559,000941.jpg,1
560,000942.jpg,1
561,000943.jpg,1
562,000944.jpg,1
563,000945.jpg,1
564,000946.jpg,1
565,000947.png,1
566,000948.jpg,1
567,000949.jpg,1
568,000950.jpg,1
569,000951.jpg,1
570,000952.jpg,1
571,000953.jpg,1
572,000954.jpg,1
573,000955.jpg,1
574,000956.jpg,1
575,000957.jpg,1
576,000958.jpg,1
577,000959.jpg,1
578,000960.jpg,1
579,000961.jpg,1
580,000962.jpg,1
581,000963.jpg,1
582,000964.jpg,1
583,000965.jpg,1
584,000966.jpg,1
585,000967.jpg,1
586,000968.png,1
587,000969.jpg,1
588,000970.jpg,1
589,000971.jpg,1
590,000972.jpg,1
591,000973.jpg,1
592,000974.jpg,1
593,000975.jpg,1
594,000976.jpg,1
595,000977.jpg,1
596,000978.jpg,1
597,000979.jpg,1
598,000980.jpg,1
599,000981.jpg,1
600,000982.jpg,1
601,000983.jpg,1
602,000984.jpg,1
603,000985.jpg,1
604,000986.jpg,1
605,000987.jpg,1
606,000988.jpg,1
607,000989.jpg,1
608,000990.jpg,1
609,000991.jpg,1
610,000992.jpg,1
611,000993.jpg,1
612,000994.jpg,1
613,000995.jpg,1
614,000996.jpg,1
615,000997.jpg,1
616,000998.jpg,1
617,000999.jpg,1
618,001000.png,1
619,001001.jpg,1
620,001002.jpg,1
621,001003.jpg,1
622,001004.jpg,1
623,001005.jpg,1
624,001006.jpg,1
625,001007.jpg,1
626,001008.jpg,1
627,001009.jpg,1
628,001010.jpg,1
629,001011.png,1
630,001012.jpg,1
631,001013.jpg,1
632,001014.jpg,1
633,001015.jpg,1
634,001016.jpg,1
635,001017.jpg,1
636,001018.jpg,1
637,001019.jpg,1
638,001020.jpg,1
639,001021.jpg,1
640,001022.jpg,1
641,001023.jpg,1
642,001024.jpg,1
643,001025.jpg,1
644,001026.jpg,1
645,001027.jpg,1
646,001028.png,1
647,001029.jpg,1
648,001030.jpg,1
649,001031.jpg,1
650,001032.jpg,1
651,001033.jpg,1
652,001034.jpg,1
653,001035.jpg,1
654,001036.jpg,1
655,001037.jpg,1
656,001038.jpg,1
657,001039.jpg,1
658,001040.jpg,1
659,001041.jpg,1
660,001042.jpg,1
661,001043.jpg,1
662,001044.jpg,1
663,001045.jpg,1
664,001046.jpg,1
665,001047.jpg,1
666,001048.jpg,1
667,001049.jpg,1
668,001050.jpg,1
669,001051.jpg,1
670,001052.jpg,1
671,001053.jpg,1
672,001054.jpg,1
673,001055.png,1
674,001056.jpg,1
675,001057.jpg,1
676,001058.jpg,1
677,001059.jpg,1
678,001060.jpg,1
679,001061.jpg,1
680,001062.jpg,1
681,001063.jpg,1
682,001064.jpg,1
683,001065.jpg,1
684,001066.jpg,1
685,001067.jpg,1
686,001068.jpg,1
687,001069.jpg,1
688,001070.jpg,1
689,001071.jpg,1
690,001072.jpg,1
691,001073.jpg,1
692,001074.jpg,1
693,001075.jpg,1
694,001076.jpg,1
695,001077.jpg,1
696,001078.jpg,1
697,001079.jpg,1
698,001080.jpg,1
699,001081.jpg,1
700,001082.jpg,1
701,001083.jpg,1
702,001084.jpg,1
703,001085.jpg,1
704,001086.jpg,1
705,001087.jpg,1
706,001088.jpg,1
707,001089.jpg,1
708,001090.png,1
709,001091.jpg,1
710,001092.jpg,1
711,001093.jpg,1
712,001094.jpg,1
713,001095.jpg,1
714,001096.png,1
715,001097.jpg,1
716,001098.png,1
717,001099.jpg,1
718,001100.jpg,1
719,001101.jpg,1
720,001102.jpg,1
721,001103.jpg,1
722,001104.jpg,1
723,001105.jpg,1
724,001106.jpg,1
725,001107.jpg,1
726,001108.jpg,1
727,001109.jpg,1
728,001110.jpg,1
729,001111.jpg,1
730,001112.jpg,1
731,001113.jpg,1
732,001114.jpg,1
733,001115.jpg,1
734,001116.jpg,1
735,001117.jpg,1
736,001118.jpg,1
737,001119.jpg,1
738,001120.jpg,1
739,001121.jpg,1
740,001122.jpg,1
741,001123.jpg,1
742,001124.jpg,1
743,001125.jpg,1
744,001126.jpg,1
745,001127.jpg,1
746,001128.jpg,1
747,001129.jpg,1
748,001130.jpg,1
749,001131.jpg,1
750,001132.jpg,1
751,001133.jpg,1
752,001134.jpg,1
753,001135.jpg,1
754,001136.jpg,1
755,001137.jpg,1
